Id,Predicted
111,'9'
112,''
113,''
114,''
115,''
116,''
117,'*'
118,''
119,'*'
120,''
121,'*'
122,'5'
123,'*'
124,''
125,''
126,''
127,''
128,'6'
129,'7'
130,''
131,'4'
132,''
133,'7'
134,'7'
135,'6'
136,'*'
137,'4'
138,'6'
139,''
140,'*'
141,''
142,'#'
143,'4'
144,''
145,'4'
146,'#'
147,'8'
148,'3'
149,''
150,''
151,''
152,'0'
153,'9'
154,'*'
155,'7'
156,''
157,'*'
158,''
159,''
160,''
161,'6'
162,'1'
163,''
164,''
165,'9'
166,'9'
167,'5'
168,'*'
169,''
170,'7'
171,''
172,''
173,'8'
174,''
175,'3'
176,'0'
177,'6'
178,'5'
179,'2'
180,''
181,''
182,'7'
183,''
184,''
185,''
186,'1'
187,'*'
188,'2'
189,'*'
190,'5'
191,'0'
192,'6'
193,'7'
194,'3'
195,'*'
196,'5'
197,''
198,'6'
199,'*'
200,''
201,'2'
202,'9'
203,'6'
204,'*'
205,''
206,''
207,'*'
208,'2'
209,'5'
210,'8'
211,'0'
212,''
213,''
214,'5'
215,''
216,'#'
217,'4'
218,'3'
219,'*'
220,'1'
221,'6'
222,'2'
223,''
224,'2'
225,''
226,'8'
227,''
228,'2'
229,'1'
230,''
231,'6'
232,'1'
233,'8'
234,'7'
235,''
236,'9'
237,''
238,''
239,'5'
240,'6'
241,''
242,'6'
243,''
244,''
245,''
246,''
247,'4'
248,''
249,'0'
250,'8'
251,'4'
252,''
253,''
254,'7'
255,'1'
256,'8'
257,'5'
258,'0'
259,''
260,''
261,'4'
262,'4'
263,'2'
264,''
265,'4'
266,''
267,'9'
268,'9'
269,'#'
270,''
271,''
272,'9'
273,'7'
274,'8'
275,'5'
276,'4'
277,'0'
278,''
279,''
280,''
281,''
282,''
283,'1'
284,'8'
285,''
286,'5'
287,'#'
288,''
289,''
290,''
291,''
292,'*'
293,'*'
294,'7'
295,'6'
296,''
297,'#'
298,'1'
299,''
300,'*'
301,'5'
302,''
303,'*'
304,''
305,''
306,'6'
307,''
308,'8'
309,''
310,'4'
311,'9'
312,'9'
313,'*'
314,'0'
315,'2'
316,'0'
317,'4'
318,'6'
319,''
320,'7'
321,''
322,'4'
323,'5'
324,'#'
325,'9'
326,''
327,''
328,'8'
329,'*'
330,''
331,''
332,'0'
333,'#'
334,'8'
335,''
336,''
337,'8'
338,'0'
339,'0'
340,'1'
341,'3'
342,'5'
343,'5'
344,'4'
345,'8'
346,''
347,'5'
348,'#'
349,'7'
350,'2'
351,''
352,'0'
353,''
354,'1'
355,'#'
356,''
357,'9'
358,'8'
359,'7'
360,''
361,'8'
362,''
363,'2'
364,'*'
365,'8'
366,''
367,''
368,'1'
369,'6'
370,''
371,'2'
372,''
373,'2'
374,'1'
375,''
376,'2'
377,''
378,'4'
379,''
380,'1'
381,'2'
382,''
383,'4'
384,'4'
385,'2'
386,'2'
387,'#'
388,''
389,''
390,'4'
391,''
392,''
393,'7'
394,'2'
395,''
396,'0'
397,'6'
398,'7'
399,'#'
400,'1'
401,''
402,''
403,'0'
404,'0'
405,'8'
406,'7'
407,'5'
408,'9'
409,''
410,''
411,'5'
412,''
413,''
414,''
415,'5'
416,'1'
417,'7'
418,'8'
419,''
420,''
421,'0'
422,'5'
423,'5'
424,''
425,'0'
426,'*'
427,'5'
428,''
429,''
430,'1'
431,''
432,''
433,'4'
434,'1'
435,'2'
436,'6'
437,''
438,'*'
439,'1'
440,'7'
441,''
442,'3'
443,''
444,'9'
445,'#'
446,''
447,'5'
448,''
449,''
450,'*'
451,'1'
452,''
453,'3'
454,'4'
455,'4'
456,''
457,'0'
458,'2'
459,'4'
460,'4'
461,''
462,'4'
463,'*'
464,'5'
465,'1'
466,''
467,''
468,'0'
469,'9'
470,''
471,''
472,''
473,''
474,''
475,'7'
476,'7'
477,'9'
478,''
479,'2'
480,''
481,'0'
482,'5'
483,''
484,''
485,'9'
486,'4'
487,'0'
488,''
489,''
490,'6'
491,''
492,'7'
493,'6'
494,''
495,'0'
496,''
497,''
498,'8'
499,''
500,'7'
501,''
502,'5'
503,''
504,'6'
505,'4'
506,'#'
507,'*'
508,'1'
509,'3'
510,'*'
511,'4'
512,''
513,'#'
514,'0'
515,'6'
516,'6'
517,'2'
518,''
519,''
520,''
521,'#'
522,'0'
523,''
524,'4'
525,'0'
526,''
527,'1'
528,'4'
529,'1'
530,'5'
531,'0'
532,'2'
533,''
534,''
535,''
536,'9'
537,''
538,'5'
539,'#'
540,'#'
541,''
542,''
543,'7'
544,''
545,'5'
546,'1'
547,'9'
548,''
549,''
550,'5'
551,'1'
552,''
